{
    "accuracy": 0.8401360544217688,
    "precision": 0.5,
    "recall": 0.19148936170212766,
    "f1": 0.27692307692307694,
    "roc_auc": 0.5775260573692824
}